x,y,diameter,name
160,103,43.19838Ebrik
372,137,52.42526,Leonardo
273,235,61.14072,Alberto
121,179,44.758068,Noel
120,103,43.19838,Happy
14,137,52.42526,Sad
35,235,61.14072,Joyous
98,179,44.758068,Melancholy
